{"cameraMode":{"drawMode":0,"name":"Shaded","section":"Shading Mode"},"sceneLighting":true,"audioPlay":false,"sceneViewState":{"m_AlwaysRefresh":false,"showFog":true,"showSkybox":true,"showFlares":true,"showImageEffects":true,"showParticleSystems":true,"showVisualEffectGraphs":true,"m_FxEnabled":true},"in2DMode":false,"pivot":{"x":18.755239486694337,"y":8.076714515686036,"z":-8.68661880493164},"rotation":{"x":-0.00040325065492652357,"y":0.9974779486656189,"z":-0.07074934244155884,"w":-0.005684823263436556},"size":19.372529983520509,"orthographic":false}